http://www.emeraldgrouppublishing.com/services/publishing/aaouj/index.htm,Client error,Forbidden,Client error: (403) Forbidden
https://businessperspectives.org/journals/j-accounting-and-financial-control?category_id=30,Client error,Forbidden,Client error: (403) Forbidden
http://www.gvaa.com.br/revista/index.php/apb/index,Success,OK,Success: (200) OK
http://revistas.ufcg.edu.br/actabra,Client error,Not Found,Client error: (404) Not Found
http://xb.sinomaps.com/en/volumn/current.shtml,Client error,Forbidden,Client error: (403) Forbidden
http://journal.stainkudus.ac.id/index.php/addin/index,Server error,Internal Server Error,Server error: (500) Internal Server Error
http://www.termedia.pl/journal/postepy_dermatologii_i_alergologii_advances_in_dermatology_and_allergology-7/info,Client error,Not Found,Client error: (404) Not Found
http://periodicoscientificos.ufmt.br/index.php/afor/index,Client error,Not Found,Client error: (404) Not Found
http://qu.edu.iq/engjou,Client error,Not Found,Client error: (404) Not Found
http://www.caves.res.in/journal.htm,Client error,Not Found,Client error: (404) Not Found
http://revistas.usal.es/index.php/1130-2887/,Client error,Not Found,Client error: (404) Not Found
http://ivyunion.org/index.php/ajcs,Client error,Not Acceptable,Client error: (406) Not Acceptable
http://ivyunion.org/index.php/ajcmicrob,Client error,Not Acceptable,Client error: (406) Not Acceptable
http://ivyunion.org/index.php/ajpse,Client error,Not Acceptable,Client error: (406) Not Acceptable
http://istgeorelint.uoradea.ro/reviste/anale/anale.htm,Client error,Not Found,Client error: (404) Not Found
http://www.anafrimed.net/,Client error,Forbidden,Client error: (403) Forbidden
http://www.annalsofcommunityhealth.in/,Success,OK,Success: (200) OK
http://textile.webhost.uoradea.ro/annals/index.html,Client error,Not Found,Client error: (404) Not Found
http://periodicos.unb.br/ojs311/index.php/anuarioantropologico/index,Client error,Not Found,Client error: (404) Not Found
http://journal.stainkudus.ac.id/index.php/arabia,Server error,Internal Server Error,Server error: (500) Internal Server Error
https://www.degruyter.com/view/j/ace,Server error,Service Unavailable,Server error: (503) Service Unavailable
http://www.degruyter.com/view/j/acsc,Server error,Service Unavailable,Server error: (503) Service Unavailable
http://www.degruyter.com/view/j/aee,Server error,Service Unavailable,Server error: (503) Service Unavailable
http://www.degruyter.com/view/j/aep,Server error,Service Unavailable,Server error: (503) Service Unavailable
http://www.degruyter.com/view/j/afe,Server error,Service Unavailable,Server error: (503) Service Unavailable
https://www.degruyter.com/view/j/amtm,Server error,Service Unavailable,Server error: (503) Service Unavailable
https://www.degruyter.com/view/j/amm,Server error,Service Unavailable,Server error: (503) Service Unavailable
https://www.degruyter.com/view/j/aopf,Server error,Service Unavailable,Server error: (503) Service Unavailable
http://www.apa.org/pubs/journals/arc/,Client error,Requested Range Not Satisfiable,Client error: (416) Requested Range Not Satisfiable
http://www.degruyter.com/view/j/aoter,Server error,Service Unavailable,Server error: (503) Service Unavailable
http://www.emis.de/journals/am/,Client error,Not Found,Client error: (404) Not Found
http://www.degruyter.com/view/j/aiht,Server error,Service Unavailable,Server error: (503) Service Unavailable
http://www.arsmedica.cl,Client error,Forbidden,Client error: (403) Forbidden
http://www.emeraldgrouppublishing.com/services/publishing/apjie/index.htm,Client error,Forbidden,Client error: (403) Forbidden
http://apjcb.waocp.org,Success,OK,Success: (200) OK
http://www.larry-arnold.net/autonomy/index.php/autonomy/index,Client error,Not Found,Client error: (404) Not Found
http://www.exeedu.com/publishing.cl/av_cienc_ing/,Success,OK,Success: (200) OK
http://www.csw-journal.org/search.php,Client error,Not Found,Client error: (404) Not Found
http://bioclima.ro/journal.htm,Client error,Not Found,Client error: (404) Not Found
http://belitungraya.org/brp/index.php/bnj/index,Client error,Not Found,Client error: (404) Not Found
http://booksandjournals.brillonline.com/content/journals/22134379,Success,OK,Success: (200) OK
http://journal.binus.ac.id/index.php/bbr/index,Client error,Not Found,Client error: (404) Not Found
http://ejournal.unesa.ac.id/index.php/bioedu/,Client error,Not Found,Client error: (404) Not Found
http://www.karger.com/bmh,Client error,Forbidden,Client error: (403) Forbidden
http://revistabionatura.com/ep/,Client error,Not Found,Client error: (404) Not Found
http://www.biotechnologia-journal.org/journal/biotechnologia-85,Client error,Not Found,Client error: (404) Not Found
http://www.sciencedirect.com/science/journal/2215017x,Server error,Internal Server Error,Server error: (500) Internal Server Error
http://dergipark.gov.tr/bibad,Client error,Not Found,Client error: (404) Not Found
http://www.babymhospital.org/bmh_mj/index.php/bmhmj/index,Client error,Not Found,Client error: (404) Not Found
http://www.essentiaeditora.iff.edu.br/index.php/boletim/,Client error,Forbidden,Client error: (403) Forbidden
http://www.botanicalsciences.com.mx/,Client error,Not Acceptable,Client error: (406) Not Acceptable
http://brain.edusoft.ro/index.php/brain,Success,OK,Success: (200) OK
https://www.futuremedicine.com/journal/bmt/,Client error,Not Found,Client error: (404) Not Found
http://www.litere.uvt.ro/publicatii/bas/index.htm,Client error,Not Found,Client error: (404) Not Found
http://www.canadianoncologynursingjournal.com/index.php/conj,Client error,Forbidden,Client error: (403) Forbidden
http://cardio-it.ru/en/journal,Client error,Not Found,Client error: (404) Not Found
http://cee.ubm.ro/cjee.html,Client error,Not Found,Client error: (404) Not Found
http://www.karger.com/cde,Client error,Forbidden,Client error: (403) Forbidden
http://www.karger.com/crg,Client error,Forbidden,Client error: (403) Forbidden
http://www.karger.com/cnd,Client error,Forbidden,Client error: (403) Forbidden
http://www.karger.com/cnd,Client error,Forbidden,Client error: (403) Forbidden
http://www.karger.com/crn,Client error,Forbidden,Client error: (403) Forbidden
http://www.karger.com/cro,Client error,Forbidden,Client error: (403) Forbidden
http://www.karger.com/cop,Client error,Forbidden,Client error: (403) Forbidden
"https://www.journals.elsevier.com/case-studies-in-construction-materials//""",Client error,Bad Request,Client error: (400) Bad Request
http://www.ckz.si/english,Client error,Not Found,Client error: (404) Not Found
http://revistes.uab.cat/catjl/index,Client error,Not Found,Client error: (404) Not Found
http://www.karger.com/cpb,Client error,Forbidden,Client error: (403) Forbidden
http://www.cepsj.si,Server error,Service Unavailable,Server error: (503) Service Unavailable
http://www.karger.com/cee,Client error,Forbidden,Client error: (403) Forbidden
https://cienciaergosum.uaemex.mx/,Success,OK,Success: (200) OK
https://revistas.unlp.edu.ar/cadm,Client error,Not Found,Client error: (404) Not Found
https://ciplaslatin.com/,Client error,Forbidden,Client error: (403) Forbidden
http://www.degruyter.com/view/j/coph,Server error,Service Unavailable,Server error: (503) Service Unavailable
http://artsonline.monash.edu.au/colloquy/,Success,OK,Success: (200) OK
http://journal.binus.ac.id/index.php/commit,Client error,Not Found,Client error: (404) Not Found
http://journal.binus.ac.id/index.php/comtech/index,Client error,Not Found,Client error: (404) Not Found
http://www.dmd27.org/cla.html,Client error,Not Found,Client error: (404) Not Found
http://icaps.nsysu.edu.tw/p/412-1131-13594.php?lang=en,Client error,Not Found,Client error: (404) Not Found
http://cubaarqueologica.org/ojs/index.php/cubarq,Success,OK,Success: (200) OK
http://www.termedia.pl/journal/current_issues_in_personality_psychology-75/info,Client error,Not Found,Client error: (404) Not Found
http://www.karger.com/dee,Client error,Forbidden,Client error: (403) Forbidden
http://www.karger.com/journal/home/259875,Client error,Forbidden,Client error: (403) Forbidden
http://www.diacronie.it,Client error,Forbidden,Client error: (403) Forbidden
http://runachayecuador.com/refcale/index.php/didascalia/,Client error,Not Found,Client error: (404) Not Found
http://www3.izabelahendrix.edu.br/ojs/index.php/dih/index,Server error,Service Unavailable,Server error: (503) Service Unavailable
http://www.eajbm.org/aboutus/01.php,Client error,Not Found,Client error: (404) Not Found
http://ejournal.bsi.ac.id/ejurnal/index.php/ecodemica,Client error,Not Acceptable,Client error: (406) Not Acceptable
http://www.educatejournal.org,Client error,Not Acceptable,Client error: (406) Not Acceptable
http://sheu.org.uk/eh,Client error,Forbidden,Client error: (403) Forbidden
http://journal.stainkudus.ac.id/index.php/edukasia,Server error,Internal Server Error,Server error: (500) Internal Server Error
http://www.ekonomia.i.prawo.umk.pl,Client error,Forbidden,Client error: (403) Forbidden
http://rperiplo.uaemex.mx/index.php/elperiplo,Success,OK,Success: (200) OK
http://www.tshe.org/ea/index.html,Client error,Gone,Client error: (410) Gone
http://revistas.lasalle.edu.co/index.php/ep,Client error,Not Found,Client error: (404) Not Found
http://www.economic-policy.pl,Client error,Forbidden,Client error: (403) Forbidden
http://www5.uva.es/revistaerasmo/,Client error,Not Found,Client error: (404) Not Found
http://e-review.it/,Client error,Not Acceptable,Client error: (406) Not Acceptable
http://journal.uin-alauddin.ac.id/index.php/eternal/manager/setupsaved/5,Client error,Not Found,Client error: (404) Not Found
http://journal.uncp.ac.id/index.php/ethicallingua,Server error,Internal Server Error,Server error: (500) Internal Server Error
http://www.emeraldgrouppublishing.com/services/publishing/ejmbe/index.htm,Client error,Forbidden,Client error: (403) Forbidden
http://www.futureacademy.org.uk/publication/ejsbs/,Client error,Not Found,Client error: (404) Not Found
http://emjreviews.com/therapeutic-area/rheumatology/,Success,OK,Success: (200) OK
http://booksandjournals.brillonline.com/content/journals/22116257,Success,OK,Success: (200) OK
http://popups.ulg.ac.be/2030-6318/index.php,Server error,Internal Server Error,Server error: (500) Internal Server Error
http://popups.ulg.ac.be/federalisme.htm,Server error,Internal Server Error,Server error: (500) Internal Server Error
http://www.culturanavarra.es/en/fontes-linguae-vasconum,Client error,Forbidden,Client error: (403) Forbidden
http://frenchjournalformediaresearch.com/lodel/index.php?lang=en,Client error,Not Acceptable,Client error: (406) Not Acceptable
http://www.termedia.pl/journal/przeglad_gastroenterologiczny-41/info,Client error,Not Found,Client error: (404) Not Found
http://www.karger.com/journal/home/272027,Client error,Forbidden,Client error: (403) Forbidden
http://www.suggsbih.ba/gg.htm,Client error,Not Acceptable,Client error: (406) Not Acceptable
http://popups.ulg.ac.be/1374-8505/index.php?lang=,Server error,Internal Server Error,Server error: (500) Internal Server Error
https://businessperspectives.org/journals/geopolitics-under-globalization-2?category_id=30,Client error,Forbidden,Client error: (403) Forbidden
http://revistasonline.inap.es/index.php?journal=gapp,Success,OK,Success: (200) OK
http://www.gigapp.org/ewp/index.php/,Client error,Forbidden,Client error: (403) Forbidden
http://groma.unibo.it/,Client error,Not Acceptable,Client error: (406) Not Acceptable
http://www.termedia.pl/journal/health_psychology_report-74/info,Client error,Not Found,Client error: (404) Not Found
http://www.emeraldgrouppublishing.com/services/publishing/heed/index.htm,Client error,Forbidden,Client error: (403) Forbidden
http://www.historia-actual.org/publicaciones/index.php/haol/index,Client error,Not Found,Client error: (404) Not Found
http://journals.sas.ac.uk/hwa,Success,OK,Success: (200) OK
http://www.heraldopenaccess.us/journals/alternative-complementary-&-integrative-medicine/,Client error,Not Found,Client error: (404) Not Found
http://journal.binus.ac.id/index.php/humaniora/index,Client error,Not Found,Client error: (404) Not Found
http://revistas.cenaltes.cl/index.php/hybris,Client error,Forbidden,Client error: (403) Forbidden
https://iafor.org/journal/iafor-journal-of-arts-and-humanities/,Success,OK,Success: (200) OK
http://ijcs.iafor.org,Success,OK,Success: (200) OK
http://ije.iafor.org,Success,OK,Success: (200) OK
https://iafor.org/journal/iafor-journal-of-ethics-religion-and-philosophy/,Success,OK,Success: (200) OK
https://iafor.org/journal/iafor-journal-of-language-learning/,Success,OK,Success: (200) OK
http://ijl.iafor.org,Success,OK,Success: (200) OK
https://iafor.org/journal/iafor-journal-of-media-communication-and-film/,Success,OK,Success: (200) OK
http://ijpbs.iafor.org,Success,OK,Success: (200) OK
https://iafor.org/journal/iafor-journal-of-the-social-sciences/,Success,OK,Success: (200) OK
http://journals.sas.ac.uk/lawreview/,Success,OK,Success: (200) OK
http://www.ibjournals.com/ibj-cp/,Client error,Not Found,Client error: (404) Not Found
http://ieeexplore.ieee.org/xpl/aboutjournal.jsp?punumber=6221039,Client error,Not Found,Client error: (404) Not Found
http://ieeexplore.ieee.org/xpl/recentissue.jsp?punumber=4563994,Client error,Not Found,Client error: (404) Not Found
http://www.ieti.net/bms,Client error,Not Found,Client error: (404) Not Found
http://www.ieti.net/tc/,Client error,Forbidden,Client error: (403) Forbidden
http://iletisimdergisi.gazi.edu.tr/site,Success,OK,Success: (200) OK
http://www.medieval.udl.cat/en/imago/current-journal/,Client error,Not Found,Client error: (404) Not Found
http://booksandjournals.brillonline.com/content/journals/22125892,Success,OK,Success: (200) OK
http://libr.org/isc,Client error,Forbidden,Client error: (403) Forbidden
http://ifrnd.org/journal/index.php/imbr,Client error,Not Found,Client error: (404) Not Found
http://www.web.facpya.uanl.mx/rev_in/,Client error,Not Found,Client error: (404) Not Found
http://www.emeraldgrouppublishing.com/services/publishing/inmr/index.htm,Client error,Forbidden,Client error: (403) Forbidden
http://www.iiass.com/,Server error,Service Unavailable,Server error: (503) Service Unavailable
http://ejournal.unesa.ac.id/index.php/inovasi-pendidikan-fisika,Client error,Not Found,Client error: (404) Not Found
https://businessperspectives.org/journals/insurance-markets-and-companies?category_id=30,Client error,Forbidden,Client error: (403) Forbidden
http://www.karger.com/imi,Client error,Forbidden,Client error: (403) Forbidden
http://ler.letras.up.pt/revistasdaflup/default.aspx?l=1&m=41&s=0&n=0,Server error,Internal Server Error,Server error: (500) Internal Server Error
http://www.ijrvet.net/index.php/ijrvet/index,Client error,Not Found,Client error: (404) Not Found
http://www.science-gate.com/ijaas.html,Client error,Not Found,Client error: (404) Not Found
http://www.emeraldgrouppublishing.com/products/journals/journals.htm?id=ijccsm,Client error,Forbidden,Client error: (403) Forbidden
http://www.emeraldgrouppublishing.com/services/publishing/ijcs/index.htm,Client error,Forbidden,Client error: (403) Forbidden
http://journals.iobmresearch.com/index.php/jelcs/index,Client error,Not Acceptable,Client error: (406) Not Acceptable
http://artsonline.monash.edu.au/indonesian-studies-journal/,Success,OK,Success: (200) OK
http://ijlet.com/anasayfa.aspx,Client error,Not Found,Client error: (404) Not Found
http://www.ijmd.ro,Client error,Forbidden,Client error: (403) Forbidden
http://www.iscsjournal.com/,Success,OK,Success: (200) OK
http://www.wholeschooling.net/journal_of_whole_schooling/ijwsindex.html,Client error,Not Found,Client error: (404) Not Found
http://ricot.com.pt/en/jornal.php?subop=0&search=undefined&language=en,Client error,Not Acceptable,Client error: (406) Not Acceptable
http://isjos.org/isbjop/index.php,Client error,Not Found,Client error: (404) Not Found
http://www.ambientmediaassociation.org/journal,Client error,Not Found,Client error: (404) Not Found
https://businessperspectives.org/journals/investment-management-and-financial-innovations?category_id=30,Client error,Forbidden,Client error: (403) Forbidden
http://journal.stainkudus.ac.id/index.php/iqtishadia/index,Server error,Internal Server Error,Server error: (500) Internal Server Error
http://vetmedmosul.org/ijvs,Client error,Not Found,Client error: (404) Not Found
http://www.emeraldgrouppublishing.com/services/publishing/ijot/index.htm,Client error,Forbidden,Client error: (403) Forbidden
http://www.emeraldgrouppublishing.com/services/publishing/ijif/index.htm,Client error,Forbidden,Client error: (403) Forbidden
http://istorija20veka.rs/home-page/,Client error,Forbidden,Client error: (403) Forbidden
http://journal.ue-varna.bg/en/home,Client error,Not Acceptable,Client error: (406) Not Acceptable
http://observare.ual.pt/janus.net/,Client error,Forbidden,Client error: (403) Forbidden
http://publishing.globalcsrc.org/jafee/,Client error,Forbidden,Client error: (403) Forbidden
https://e-journal.sospublication.co.in/,Success,OK,Success: (200) OK
http://www.jarts.info/,Client error,Forbidden,Client error: (403) Forbidden
http://www.m.elewa.org/japs/index.html,Client error,Not Found,Client error: (404) Not Found
http://www.jaspe.ac.me,Client error,Forbidden,Client error: (403) Forbidden
http://m.elewa.org/journals/about-jab/,Client error,Not Found,Client error: (404) Not Found
http://journal.binus.ac.id/index.php/jas/,Client error,Not Found,Client error: (404) Not Found
https://www.tandfonline.com/action/journalinformation?journalcode=tace20,Client error,Not Found,Client error: (404) Not Found
http://journal-biogen.org/,Client error,Forbidden,Client error: (403) Forbidden
http://www.jbpe.ir/journal_ojs/jbpe/index.php/jbpe,Client error,Not Found,Client error: (404) Not Found
http://publishing.globalcsrc.org/jbsee/,Client error,Forbidden,Client error: (403) Forbidden
http://www.emeraldgrouppublishing.com/services/publishing/jcms/index.htm,Client error,Forbidden,Client error: (403) Forbidden
http://www.jcer.net,Client error,Forbidden,Client error: (403) Forbidden
http://www.emeraldgrouppublishing.com/services/publishing/jdal/index.htm,Client error,Forbidden,Client error: (403) Forbidden
http://www.jesd-online.com,Client error,Not Acceptable,Client error: (406) Not Acceptable
https://ifrnd.org/journal/index.php/jebs,Client error,Not Found,Client error: (404) Not Found
http://journals.iobmresearch.com/index.php/jeed/index,Client error,Not Acceptable,Client error: (406) Not Acceptable
http://kusoed.edu.np/journal,Success,OK,Success: (200) OK
https://ifrnd.org/journal/index.php/jevr,Client error,Not Found,Client error: (404) Not Found
http://www.ppml.url.tw/eppm_journal/,Server error,Internal Server Error,Server error: (500) Internal Server Error
http://www.jenvstat.org,Server error,Internal Server Error,Server error: (500) Internal Server Error
https://brill.com/view/journals/jgl/jgl-overview.xml,Success,OK,Success: (200) OK
http://www.emeraldgrouppublishing.com/services/publishing/jhr/index.htm,Client error,Forbidden,Client error: (403) Forbidden
http://journal.rsw.edu.pl/index.php/jhs,Server error,Internal Server Error,Server error: (500) Internal Server Error
http://booksandjournals.brillonline.com/content/journals/22141332,Success,OK,Success: (200) OK
http://www.brill.com/jlc,Success,OK,Success: (200) OK
http://web2.mendelu.cz/af_239_nanotech/j_met_nano/index.html,Client error,Not Found,Client error: (404) Not Found
https://online-shc.com/arc/ojs/index.php,Client error,Not Found,Client error: (404) Not Found
http://radars.ie.ac.cn/en/volumn/current.shtml,Client error,Not Found,Client error: (404) Not Found
http://www.emeraldgrouppublishing.com/services/publishing/jrit/index.htm,Client error,Forbidden,Client error: (403) Forbidden
http://isjos.org/jos/index.html,Client error,Not Found,Client error: (404) Not Found
https://ifrnd.org/journal/index.php/jsds,Client error,Not Found,Client error: (404) Not Found
http://jsser.org/index,Client error,Not Found,Client error: (404) Not Found
https://tandfonline.com/action/showaxaarticles?journalcode=tusc20,Client error,Not Found,Client error: (404) Not Found
http://scholar.lib.vt.edu/ejournals/jte/,Client error,Not Found,Client error: (404) Not Found
https://journal.gpps.global/journals/journal-of-the-global-power-and-propulsion-society/,Client error,Not Found,Client error: (404) Not Found
http://www.jsava.co.za,Success,OK,Success: (200) OK
http://www.emeraldgrouppublishing.com/services/publishing/jtf/index.htm,Client error,Forbidden,Client error: (403) Forbidden
http://www.emeraldgrouppublishing.com/services/publishing/jwam/index.htm,Client error,Forbidden,Client error: (403) Forbidden
http://journal.binus.ac.id/index.php/winners,Client error,Not Found,Client error: (404) Not Found
http://pub.jki.bund.de/index.php/jka,Client error,Not Found,Client error: (404) Not Found
http://binaprajajournal.com/ojs/index.php/jbp/index,Client error,Not Found,Client error: (404) Not Found
http://ejournal.bsi.ac.id/ejurnal/index.php/ji/index,Client error,Not Acceptable,Client error: (406) Not Acceptable
http://ejournal.bsi.ac.id/ejurnal/index.php/jp/index,Client error,Not Acceptable,Client error: (406) Not Acceptable
http://journal.stainkudus.ac.id/index.php/jurnalpenelitian,Server error,Internal Server Error,Server error: (500) Internal Server Error
http://jurnaltribologi.mytribos.org,Client error,Not Found,Client error: (404) Not Found
http://www.itl.nctu.edu.tw/tlr_n/en/inviting_en.html,Client error,Forbidden,Client error: (403) Forbidden
http://www.karger.com/kbr,Client error,Forbidden,Client error: (403) Forbidden
http://eplus.uni-salzburg.at/jkm,Client error,Not Found,Client error: (404) Not Found
http://www.limnology.ro/lakes.html,Client error,Not Found,Client error: (404) Not Found
http://ejournal.unesa.ac.id/index.php/lenterabio/,Client error,Not Found,Client error: (404) Not Found
http://journal.binus.ac.id/index.php/lingua,Client error,Not Found,Client error: (404) Not Found
http://www.ll.ac.me,Client error,Forbidden,Client error: (403) Forbidden
http://www.mjas.my,Client error,Not Acceptable,Client error: (406) Not Acceptable
http://www.margini.unibas.ch/web/en/topicframesets/topicframesetj.html,Client error,Not Found,Client error: (404) Not Found
http://mit.imt.si/revija/,Client error,Not Found,Client error: (404) Not Found
http://ejournal.unesa.ac.id/index.php/mathedunesa/,Client error,Not Found,Client error: (404) Not Found
http://e-hilaris.com/mae.html,Client error,Not Found,Client error: (404) Not Found
http://www.mathematics-and-its-applications.com,Success,OK,Success: (200) OK
http://mediamusic-journal.com,Client error,Precondition Failed,Client error: (412) Precondition Failed
https://www.karger.com/journal/home/224259,Client error,Forbidden,Client error: (403) Forbidden
http://www.meridiano47.info,Client error,Not Found,Client error: (404) Not Found
http://www.degruyter.com/view/j/msas,Client error,Not Found,Client error: (404) Not Found
http://fungiofegypt.com/journal/,Client error,Not Found,Client error: (404) Not Found
http://www.degruyter.com/view/j/micrnat,Client error,Not Found,Client error: (404) Not Found
http://www.nsu.ru/ef/vestnik_ngu_ef/about_journal,Client error,Not Found,Client error: (404) Not Found
http://mohejournal.com/index.php/mohe,Client error,Forbidden,Client error: (403) Forbidden
http://www.fesc.edu.co/revistas/ojs/index.php/mundofesc/index,Client error,Not Found,Client error: (404) Not Found
http://journals.ukma.edu.ua/spne,Client error,Forbidden,Client error: (403) Forbidden
http://www.karger.com/nne,Client error,Forbidden,Client error: (403) Forbidden
http://www.karger.com/nsg,Client error,Forbidden,Client error: (403) Forbidden
http://fs.gallup.unm.edu/nss,Client error,Precondition Failed,Client error: (412) Precondition Failed
http://www.emeraldgrouppublishing.com/services/publishing/neje/index.htm,Client error,Forbidden,Client error: (403) Forbidden
http://www.nzjforestryscience.com/,Client error,Not Found,Client error: (404) Not Found
http://www.degruyter.com/view/j/ngi,Client error,Not Found,Client error: (404) Not Found
https://businessperspectives.org/journals/nowadays-and-future-jobs?category_id=30,Client error,Forbidden,Client error: (403) Forbidden
http://booksandjournals.brillonline.com/content/journals/22134360,Success,OK,Success: (200) OK
http://www.karger.com/ofa,Client error,Forbidden,Client error: (403) Forbidden
http://oeconomia.pl/,Client error,Forbidden,Client error: (403) Forbidden
http://www.ut.ee/oes/publikatsioonid/,Client error,Not Found,Client error: (404) Not Found
https://www.orbit-rri.org/ojs/,Client error,Forbidden,Client error: (403) Forbidden
http://www.acgpubs.org/oc,Client error,Not Found,Client error: (404) Not Found
http://stec.univ-ovidius.ro/html/anale/eng/,Client error,Not Found,Client error: (404) Not Found
http://psfst.com/socty_jnl/index.php,Success,OK,Success: (200) OK
http://journal.stainkudus.ac.id/index.php/palastren,Server error,Internal Server Error,Server error: (500) Internal Server Error
http://pjms.in/index.php/panacea,Server error,Service Unavailable,Server error: (503) Service Unavailable
http://ejournal.unesa.ac.id/index.php/pensa,Client error,Not Found,Client error: (404) Not Found
http://www.coruniamericana.edu.co/publicaciones/ojs/index.php/pensamientoamericano/index,Client error,Not Found,Client error: (404) Not Found
http://www.degruyter.com/view/j/plass,Client error,Not Found,Client error: (404) Not Found
http://www.abhr.org.br/plura/ojs/index.php/plura/index,Server error,Internal Server Error,Server error: (500) Internal Server Error
http://www.polibotanica.mx,Client error,Precondition Failed,Client error: (412) Precondition Failed
http://uet.edu.al/polis/,Client error,Not Acceptable,Client error: (406) Not Acceptable
http://www.termedia.pl/journal/polish_journal_of_pathology-55/info,Client error,Not Found,Client error: (404) Not Found
http://www.termedia.pl/journal/kardiochirurgia_i_torakochirurgia_polska-40/info,Client error,Not Found,Client error: (404) Not Found
http://www.agricultforest.ac.me/,Client error,Forbidden,Client error: (403) Forbidden
https://www.karger.com/journal/home/275178,Client error,Forbidden,Client error: (403) Forbidden
http://manu.edu.mk/contributions/nmbsci/,Client error,Not Found,Client error: (404) Not Found
http://periodicos.ufpb.br/ojs2/index.php/primafacie/about/editorialteam,Client error,Not Found,Client error: (404) Not Found
http://www.tf.uns.ac.rs/publikacije/pac/index.html,Client error,Not Found,Client error: (404) Not Found
http://spatial-economics.com/eng/,Client error,Forbidden,Client error: (403) Forbidden
http://przegladsocjologiijakosciowej.org,Client error,Forbidden,Client error: (403) Forbidden
http://socialspacejournal.eu/index.html,Client error,Forbidden,Client error: (403) Forbidden
http://pru.apio.ro,Client error,Forbidden,Client error: (403) Forbidden
http://www.emeraldgrouppublishing.com/services/publishing/prr/index.htm,Client error,Forbidden,Client error: (403) Forbidden
http://www.psychologie-aktuell.com/psychologysciencequarterly.html,Client error,Not Found,Client error: (404) Not Found
http://putisaobracaj.rs/index.php/pis,Client error,Forbidden,Client error: (403) Forbidden
http://ojs.pythonpapers.org/index.php/tpp,Success,OK,Success: (200) OK
http://www.ser.ufpr.br/abequa,Client error,Not Found,Client error: (404) Not Found
http://journal.stainkudus.ac.id/index.php/qijis/index,Server error,Internal Server Error,Server error: (500) Internal Server Error
http://raximhai.com.mx/portal/,Client error,Not Found,Client error: (404) Not Found
http://rdsj.torbath.ac.ir/swithlang?lang=en,Client error,Not Found,Client error: (404) Not Found
http://eiris.it/ojs/index.php/ratiomathematica/index,Client error,Forbidden,Client error: (403) Forbidden
http://www.emeraldgrouppublishing.com/services/publishing/rausp/index.htm,Client error,Forbidden,Client error: (403) Forbidden
http://www.emeraldgrouppublishing.com/services/publishing/rege/,Client error,Forbidden,Client error: (403) Forbidden
http://www.ugr.es/~miguelgr/reidocrea.html,Client error,Not Found,Client error: (404) Not Found
https://revistas.unlp.edu.ar/rrii-iri/index,Client error,Not Found,Client error: (404) Not Found
https://www.religionandgender.org/,Success,OK,Success: (200) OK
http://publishing.globalcsrc.org/reads/,Client error,Forbidden,Client error: (403) Forbidden
http://hsd.hr/en/publishing/about-journal/,Client error,Not Found,Client error: (404) Not Found
http://revistaalergia.mx/ojs/index.php/ram,Client error,Not Acceptable,Client error: (406) Not Acceptable
http://www.gvaa.com.br/revista/index.php/rebes,Success,OK,Success: (200) OK
http://revistaiiqb.usac.edu.gt/index.php/revista_cientifica,Client error,Not Found,Client error: (404) Not Found
http://incyt.upse.edu.ec/revistas/index.php/rctu,Client error,Not Found,Client error: (404) Not Found
http://derechopublico.uniandes.edu.co/,Success,OK,Success: (200) OK
http://revistasonline.inap.es/index.php?journal=reala,Success,OK,Success: (200) OK
http://200.129.168.183/ojs_mestrado01/index.php/teste/index,Client error,Not Found,Client error: (404) Not Found
http://ojs.aaot.org.ar,Client error,Not Acceptable,Client error: (406) Not Acceptable
http://reec.uvigo.es/reec/ingles/reec_index_in.htm,Client error,Not Found,Client error: (404) Not Found
http://investigacion.espam.edu.ec/index.php/revista/index,Client error,Not Found,Client error: (404) Not Found
http://www.reis.cis.es/reis/html/index.html,Client error,Not Found,Client error: (404) Not Found
http://ojs.fe.unicamp.br/index.php/ridphe-r,Server error,Internal Server Error,Server error: (500) Internal Server Error
http://www.relime.org,Client error,Forbidden,Client error: (403) Forbidden
http://revistarelap.org/ojs/index.php/relap/index,Client error,Not Found,Client error: (404) Not Found
http://www.revistamexicanadeinvestigacionenpsicologia.com/;,Success,OK,Success: (200) OK
http://repis.unheval.edu.pe/index.php/repis,Client error,Not Found,Client error: (404) Not Found
http://www3.izabelahendrix.edu.br/ojs/index.php/tec/index,Server error,Service Unavailable,Server error: (503) Service Unavailable
http://www.gvaa.com.br/revista/index.php/rvads/index,Success,OK,Success: (200) OK
http://www.termedia.pl/czasopismo/reumatologia-18,Client error,Not Found,Client error: (404) Not Found
http://www.sajip.co.za,Success,OK,Success: (200) OK
http://journalsanitasi.keslingjogja.net/index.php/sanitasi,Client error,Forbidden,Client error: (403) Forbidden
http://www.ideaz-institute.com/sp/sakab_present.html,Client error,Not Found,Client error: (404) Not Found
http://eiris.it/ojs/index.php/scienceandphilosophy/index,Client error,Forbidden,Client error: (403) Forbidden
http://fs.gallup.unm.edu/scientiamagna.htm,Client error,Precondition Failed,Client error: (412) Precondition Failed
https://scipost.org/scipostphys,Client error,Not Found,Client error: (404) Not Found
http://www.brill.com/scri,Success,OK,Success: (200) OK
http://www.degruyter.com/view/j/sspjce,Client error,Not Found,Client error: (404) Not Found
http://www.sensorsportal.com/html/digest/new_digest.htm,Client error,Not Found,Client error: (404) Not Found
https://www.degruyter.com/view/j/sigtem,Client error,Not Found,Client error: (404) Not Found
http://ejournals.vdu.lt/index.php/soter,Client error,Not Found,Client error: (404) Not Found
http://www.schinafish.cn/en/volumn/current.shtml,Client error,Not Found,Client error: (404) Not Found
http://www.emeraldgrouppublishing.com/services/publishing/sjme/index.htm,Client error,Forbidden,Client error: (403) Forbidden
http://www.sportmont.ucg.ac.me/,Client error,Forbidden,Client error: (403) Forbidden
http://www.storicamente.org/,Client error,Not Acceptable,Client error: (406) Not Acceptable
http://strategos.morh.hr/hr/,Client error,Not Found,Client error: (404) Not Found
http://www.phil.muni.cz/journals/index.php/studia-paedagogica/user/setlocale/en_us,Client error,Not Found,Client error: (404) Not Found
http://escholarship.bc.edu/scjr/,Client error,Not Found,Client error: (404) Not Found
http://www.arheologie.ro/preistorie/en/index.html,Client error,Forbidden,Client error: (403) Forbidden
http://exegetiskasallskapet.se/eng/sea/index.html,Client error,Not Found,Client error: (404) Not Found
http://www.emis.de/journals/sigma/,Client error,Not Found,Client error: (404) Not Found
http://tai2.ntu.edu.tw/taiwania/index.php,Client error,Forbidden,Client error: (403) Forbidden
http://www.uni-magdeburg.de/ifme/zeitschrift_tm/04_startseite/,Client error,Not Found,Client error: (404) Not Found
http://ojs.academicon.pl/index.php/bibann/index,Client error,Not Found,Client error: (404) Not Found
http://booksandjournals.brillonline.com/content/journals/23525207,Success,OK,Success: (200) OK
https://www.tmrjournals.com/cancer/en/2538-015x/home.shtml,Client error,Not Found,Client error: (404) Not Found
https://www.tmrjournals.com/im/en/2521-3415/home.shtml,Client error,Not Found,Client error: (404) Not Found
https://www.tmrjournals.com/mhm/en/2537-9798/home.shtml,Client error,Not Found,Client error: (404) Not Found
https://www.tmrjournals.com/ndt/en/2538-0583/home.shtml,Client error,Not Found,Client error: (404) Not Found
http://www.tws.org.cn,Client error,Forbidden,Client error: (403) Forbidden
http://www.fbi.vsb.cz/en/veda-a-vyzkum/periodika/,Client error,Not Found,Client error: (404) Not Found
http://dergipark.ulakbim.gov.tr/beuntujise,Client error,Not Found,Client error: (404) Not Found
http://ejournal.unesa.ac.id/index.php/journal-of-chemical-education/,Client error,Not Found,Client error: (404) Not Found
http://ejournal.unesa.ac.id/index.php/unesa-journal-of-chemistry,Client error,Not Found,Client error: (404) Not Found
http://sujo.usindh.edu.pk/index.php/usjict/,Server error,Service Unavailable,Server error: (503) Service Unavailable
http://uac.incd.ro/en/index.htm,Server error,Internal Server Error,Server error: (500) Internal Server Error
http://www.vjes.eu,Server error,Internal Server Error,Server error: (500) Internal Server Error
http://www.essentiaeditora.iff.edu.br/index.php/vertices,Client error,Forbidden,Client error: (403) Forbidden
http://www.nsu.ru/ef/vestnik_ngu_ef/about_journal,Client error,Not Found,Client error: (404) Not Found
http://www.mathnet.ru/eng/vsgtu,Client error,Forbidden,Client error: (403) Forbidden
http://revistas.ulvr.edu.ec/index.php/yachana/issue/archive,Success,OK,Success: (200) OK
http://www.ship-research.com,Client error,Forbidden,Client error: (403) Forbidden
https://www.degruyter.com/view/j/acro,Success,OK,Success: (200) OK
https://www.degruyter.com/view/j/abcsb,Success,OK,Success: (200) OK
https://www.degruyter.com/view/j/afepuc,Success,OK,Success: (200) OK
https://www.degruyter.com/view/j/afmnai,Success,OK,Success: (200) OK
https://www.degruyter.com/view/j/afpuc,Success,OK,Success: (200) OK
https://www.degruyter.com/view/j/ahbb,Client error,Not Found,Client error: (404) Not Found
https://www.degruyter.com/view/j/ama,Success,OK,Success: (200) OK
https://www.degruyter.com/view/j/amb,Success,OK,Success: (200) OK
https://www.degruyter.com/view/j/acm,Success,OK,Success: (200) OK
https://www.degruyter.com/view/j/acpa,Success,OK,Success: (200) OK
https://www.degruyter.com/view/j/asn,Success,OK,Success: (200) OK
https://www.degruyter.com/view/j/atd,Success,OK,Success: (200) OK
https://www.degruyter.com/view/j/aucft,Success,OK,Success: (200) OK
https://www.degruyter.com/view/j/ausae,Success,OK,Success: (200) OK
https://www.degruyter.com/view/j/ausal,Success,OK,Success: (200) OK
https://www.degruyter.com/view/j/auseb,Success,OK,Success: (200) OK
https://adhi.univie.ac.at,Success,OK,Success: (200) OK
https://www.degruyter.com/view/j/admin,Client error,Unauthorized,Client error: (401) Unauthorized
https://pagepressjournals.org/index.php/aiol/index,Success,OK,Success: (200) OK
https://www.degruyter.com/view/j/rehab,Client error,Not Found,Client error: (404) Not Found
https://www.degruyter.com/view/j/agri,Success,OK,Success: (200) OK
https://savana-cendana.id/index.php/ag,Success,OK,Success: (200) OK
https://www.degruyter.com/view/j/abcsj,Success,OK,Success: (200) OK
https://www.degruyter.com/view/j/aicue,Success,OK,Success: (200) OK
https://www.degruyter.com/view/j/amsil,Success,OK,Success: (200) OK
https://www.degruyter.com/view/j/aon,Success,OK,Success: (200) OK
https://www.degruyter.com/view/j/acss,Success,OK,Success: (200) OK
https://www.degruyter.com/view/j/arhss,Success,OK,Success: (200) OK
https://aiua.it/,Success,OK,Success: (200) OK
https://audiologyresearch.org,Success,OK,Success: (200) OK
https://www.degruyter.com/view/j/afit,Success,OK,Success: (200) OK
https://www.degruyter.com/view/j/bjlp,Success,OK,Success: (200) OK
https://www.degruyter.com/view/j/cttr,Success,OK,Success: (200) OK
https://www.degruyter.com/view/j/biolet,Success,OK,Success: (200) OK
https://www.degruyter.com/view/j/bgs,Success,OK,Success: (200) OK
https://www.degruyter.com/view/j/brj,Success,OK,Success: (200) OK
https://www.degruyter.com/view/j/bsaft,Success,OK,Success: (200) OK
https://www.degruyter.com/view/j/bvip,Success,OK,Success: (200) OK
https://www.degruyter.com/view/j/cejpp,Success,OK,Success: (200) OK
https://www.degruyter.com/view/j/cerce,Success,OK,Success: (200) OK
https://www.clinicsandpractice.org,Success,OK,Success: (200) OK
https://www.degruyter.com/view/j/cm,Success,OK,Success: (200) OK
https://www.degruyter.com/view/j/cons,Success,OK,Success: (200) OK
https://www.degruyter.com/view/j/contagri,Success,OK,Success: (200) OK
https://www.degruyter.com/view/j/ctg,Client error,Not Found,Client error: (404) Not Found
https://www.degruyter.com/view/j/cris,Client error,Not Found,Client error: (404) Not Found
https://www.degruyter.com/view/j/cirr,Success,OK,Success: (200) OK
https://www.degruyter.com/view/j/cjot,Success,OK,Success: (200) OK
https://www.emlc-journal.org/,Success,OK,Success: (200) OK
https://www.degruyter.com/view/j/ecce,Success,OK,Success: (200) OK
https://www.degruyter.com/view/j/rtuect,Success,OK,Success: (200) OK
https://www.degruyter.com/view/j/oszn,Success,OK,Success: (200) OK
https://www.degruyter.com/view/j/ebce,Success,OK,Success: (200) OK
https://www.degruyter.com/view/j/eas,Success,OK,Success: (200) OK
https://www.degruyter.com/view/j/eje,Success,OK,Success: (200) OK
https://www.ejh.it/,Success,OK,Success: (200) OK
https://pagepressjournals.org/index.php/bam,Success,OK,Success: (200) OK
https://www.degruyter.com/view/j/eras,Success,OK,Success: (200) OK
https://www.degruyter.com/view/j/exell,Success,OK,Success: (200) OK
https://journals.kent.ac.uk/index.php/feministsatlaw,Success,OK,Success: (200) OK
https://www.degruyter.com/view/j/folmed,Success,OK,Success: (200) OK
https://www.degruyter.com/view/j/fv,Success,OK,Success: (200) OK
https://www.degruyter.com/view/j/forma,Success,OK,Success: (200) OK
https://www.degruyter.com/view/j/fco,Success,OK,Success: (200) OK
https://www.degruyter.com/view/j/fcds,Success,OK,Success: (200) OK
https://www.degruyter.com/view/j/genst,Success,OK,Success: (200) OK
https://www.degruyter.com/view/j/geocart,Success,OK,Success: (200) OK
https://www.degruyter.com/view/j/geoca,Success,OK,Success: (200) OK
https://www.degruyter.com/view/j/logos,Success,OK,Success: (200) OK
https://www.degruyter.com/view/j/geosc,Success,OK,Success: (200) OK
https://www.degruyter.com/view/j/gse,Success,OK,Success: (200) OK
https://geospatialhealth.net/,Success,OK,Success: (200) OK
https://www.degruyter.com/view/j/gfkmir,Success,OK,Success: (200) OK
https://www.degruyter.com/view/j/hacq,Success,OK,Success: (200) OK
https://fst.onaft.edu.ua/,Success,OK,Success: (200) OK
https://www.pagepressjournals.org/index.php/hls,Success,OK,Success: (200) OK
https://www.degruyter.com/view/j/hepo,Success,OK,Success: (200) OK
https://www.degruyter.com/view/j/hjbpa,Success,OK,Success: (200) OK
https://www.degruyter.com/view/j/hkbrd,Success,OK,Success: (200) OK
https://www.degruyter.com/view/j/humo,Success,OK,Success: (200) OK
https://www.degruyter.com/view/j/itms,Success,OK,Success: (200) OK
https://www.degruyter.com/view/j/intox,Success,OK,Success: (200) OK
https://www.degruyter.com/view/j/ijek,Success,OK,Success: (200) OK
https://www.degruyter.com/view/j/ijme,Success,OK,Success: (200) OK
https://www.degruyter.com/view/j/ipcj,Success,OK,Success: (200) OK
https://www.degruyter.com/view/j/ijafr,Success,OK,Success: (200) OK
https://www.agronomy.it,Success,OK,Success: (200) OK
https://www.ijfs.it,Success,OK,Success: (200) OK
https://www.italjmed.org,Success,OK,Success: (200) OK
https://www.degruyter.com/view/j/jazcas,Success,OK,Success: (200) OK
https://www.agroengineering.org,Success,OK,Success: (200) OK
https://www.degruyter.com/view/j/jas,Success,OK,Success: (200) OK
https://jacs.usv.ro/,Success,OK,Success: (200) OK
https://www.degruyter.com/view/j/jaes,Success,OK,Success: (200) OK
https://www.degruyter.com/view/j/jce,Success,OK,Success: (200) OK
https://www.degruyter.com/view/j/jengeo,Success,OK,Success: (200) OK
https://www.degruyter.com/view/j/johr,Success,OK,Success: (200) OK
https://www.degruyter.com/view/j/johh,Success,OK,Success: (200) OK
https://www.degruyter.com/view/j/jim,Success,OK,Success: (200) OK
https://www.degruyter.com/view/j/jlecol,Success,OK,Success: (200) OK
https://www.jlimnol.it/index.php/jlimnol,Success,OK,Success: (200) OK
https://www.degruyter.com/view/j/jomb,Success,OK,Success: (200) OK
https://www.degruyter.com/view/j/mecdc,Client error,Not Found,Client error: (404) Not Found
https://www.degruyter.com/view/j/jos,Success,OK,Success: (200) OK
https://www.journalofosseointegration.eu,Success,OK,Success: (200) OK
https://www.publichealthinafrica.org,Success,OK,Success: (200) OK
https://www.jphres.org,Success,OK,Success: (200) OK
https://www.degruyter.com/view/j/jtam,Success,OK,Success: (200) OK
https://www.degruyter.com/view/j/jwld,Success,OK,Success: (200) OK
https://www.pagepressjournals.org/index.php/xeno,Success,OK,Success: (200) OK
https://www.degruyter.com/view/j/jobs,Success,OK,Success: (200) OK
https://www.degruyter.com/view/j/kom,Success,OK,Success: (200) OK
https://www.degruyter.com/view/j/lpts,Success,OK,Success: (200) OK
https://www.degruyter.com/view/j/forj,Success,OK,Success: (200) OK
https://www.degruyter.com/view/j/limre,Success,OK,Success: (200) OK
https://www.degruyter.com/view/j/linpo,Success,OK,Success: (200) OK
https://www.degruyter.com/view/j/lincu,Success,OK,Success: (200) OK
https://www.degruyter.com/view/j/lasr,Success,OK,Success: (200) OK
https://www.degruyter.com/view/j/logi,Success,OK,Success: (200) OK
https://www.degruyter.com/view/j/jlst,Success,OK,Success: (200) OK
https://www.degruyter.com/view/j/manment,Success,OK,Success: (200) OK
https://www.degruyter.com/view/j/rmzmag,Success,OK,Success: (200) OK
https://www.degruyter.com/view/j/msp,Success,OK,Success: (200) OK
https://www.degruyter.com/view/j/mmce,Success,OK,Success: (200) OK
https://www.degruyter.com/view/j/mms,Success,OK,Success: (200) OK
https://www.pagepressjournals.org/index.php/mm,Success,OK,Success: (200) OK
https://www.degruyter.com/view/j/mstap,Success,OK,Success: (200) OK
https://www.degruyter.com/view/j/nybj,Success,OK,Success: (200) OK
https://www.degruyter.com/view/j/ngoe,Success,OK,Success: (200) OK
https://www.degruyter.com/view/j/nispa,Success,OK,Success: (200) OK
https://www.degruyter.com/view/j/nor,Success,OK,Success: (200) OK
https://www.degruyter.com/view/j/nuka,Success,OK,Success: (200) OK
https://www.oncologyreviews.org,Success,OK,Success: (200) OK
https://www.degruyter.com/view/j/orga,Success,OK,Success: (200) OK
https://www.degruyter.com/view/j/mosr,Success,OK,Success: (200) OK
https://www.degruyter.com/view/j/orhu,Success,OK,Success: (200) OK
https://www.degruyter.com/view/j/pof,Success,OK,Success: (200) OK
https://www.degruyter.com/view/j/pcssr,Success,OK,Success: (200) OK
https://www.degruyter.com/view/j/pielxxiw,Success,OK,Success: (200) OK
https://www.degruyter.com/view/j/pbj,Success,OK,Success: (200) OK
https://www.degruyter.com/view/j/pcr,Success,OK,Success: (200) OK
https://www.degruyter.com/view/j/phr,Success,OK,Success: (200) OK
https://www.degruyter.com/view/j/pomr,Success,OK,Success: (200) OK
https://www.degruyter.com/view/j/ppb,Success,OK,Success: (200) OK
https://www.degruyter.com/view/j/pce,Success,OK,Success: (200) OK
https://www.degruyter.com/view/j/pophzn,Success,OK,Success: (200) OK
https://www.degruyter.com/view/j/pjes,Success,OK,Success: (200) OK
https://www.degruyter.com/view/j/pesd,Success,OK,Success: (200) OK
https://www.degruyter.com/view/j/picbe,Success,OK,Success: (200) OK
https://prometeica.com,Success,OK,Success: (200) OK
https://www.degruyter.com/view/j/pn,Success,OK,Success: (200) OK
https://www.degruyter.com/view/j/plc,Success,OK,Success: (200) OK
https://revista.ufrr.br/index.php/rct/index,Success,OK,Success: (200) OK
https://www.degruyter.com/view/j/afit,Success,OK,Success: (200) OK
https://www.reumatismo.org,Success,OK,Success: (200) OK
https://www.degruyter.com/view/j/rae,Success,OK,Success: (200) OK
https://www.degruyter.com/view/j/revecp,Success,OK,Success: (200) OK
https://revista.ufrr.br/index.php/adminrr/index,Success,OK,Success: (200) OK
https://revista.ufrr.br/index.php/rga,Success,OK,Success: (200) OK
https://www.degruyter.com/view/j/ring,Success,OK,Success: (200) OK
https://www.degruyter.com/view/j/rjdnmd,Success,OK,Success: (200) OK
https://www.degruyter.com/view/j/rjes,Success,OK,Success: (200) OK
https://www.degruyter.com/view/j/rjim,Success,OK,Success: (200) OK
https://www.degruyter.com/view/j/rjti,Success,OK,Success: (200) OK
https://www.degruyter.com/view/j/romneu,Client error,Not Found,Client error: (404) Not Found
https://www.degruyter.com/view/j/plua,Success,OK,Success: (200) OK
https://www.degruyter.com/view/j/sab,Success,OK,Success: (200) OK
https://www.degruyter.com/view/j/saeb,Success,OK,Success: (200) OK
https://www.degruyter.com/view/j/sjdv,Success,OK,Success: (200) OK
https://www.degruyter.com/view/j/sjecr,Success,OK,Success: (200) OK
https://www.degruyter.com/view/j/sjps,Success,OK,Success: (200) OK
https://www.degruyter.com/view/j/sjph,Success,OK,Success: (200) OK
https://www.degruyter.com/view/j/sc,Success,OK,Success: (200) OK
https://www.degruyter.com/view/j/jeb,Success,OK,Success: (200) OK
https://www.degruyter.com/view/j/sh,Success,OK,Success: (200) OK
https://www.degruyter.com/view/j/slgr,Success,OK,Success: (200) OK
https://www.degruyter.com/view/j/sjs,Success,OK,Success: (200) OK
https://www.pagepressjournals.org/index.php/thal/index,Success,OK,Success: (200) OK
https://content.sciendo.com/view/journals/ebtj/ebtj-overview.xml,Success,OK,Success: (200) OK
https://www.degruyter.com/view/j/topling,Success,OK,Success: (200) OK
https://www.degruyter.com/view/j/tvsb,Success,OK,Success: (200) OK
https://www.degruyter.com/view/j/ttj,Success,OK,Success: (200) OK
https://www.degruyter.com/view/j/tra,Success,OK,Success: (200) OK
https://www.degruyter.com/view/j/trser,Success,OK,Success: (200) OK
https://www.pagepressjournals.org/index.php/vl/index,Success,OK,Success: (200) OK
https://www.degruyter.com/view/j/vzoo,Success,OK,Success: (200) OK
https://www.pagepressjournals.org/index.php/wine/,Success,OK,Success: (200) OK
https://www.degruyter.com/view/j/jbe,Success,OK,Success: (200) OK
https://www.degruyter.com/view/j/zireb,Success,OK,Success: (200) OK
https://www.degruyter.com/view/j/zoop,Success,OK,Success: (200) OK
https://www.degruyter.com/view/j/acro,Success,OK,Success: (200) OK
https://www.degruyter.com/view/j/abcsb,Success,OK,Success: (200) OK
https://www.degruyter.com/view/j/afepuc,Success,OK,Success: (200) OK
https://www.degruyter.com/view/j/afmnai,Success,OK,Success: (200) OK
https://www.degruyter.com/view/j/afpuc,Success,OK,Success: (200) OK
https://www.degruyter.com/view/j/ahbb,Client error,Not Found,Client error: (404) Not Found
https://www.degruyter.com/view/j/ama,Success,OK,Success: (200) OK
https://www.degruyter.com/view/j/amb,Success,OK,Success: (200) OK
https://www.degruyter.com/view/j/acm,Success,OK,Success: (200) OK
https://www.degruyter.com/view/j/acpa,Success,OK,Success: (200) OK
https://www.degruyter.com/view/j/asn,Success,OK,Success: (200) OK
https://www.degruyter.com/view/j/atd,Success,OK,Success: (200) OK
https://www.degruyter.com/view/j/aucft,Success,OK,Success: (200) OK
https://www.degruyter.com/view/j/ausae,Success,OK,Success: (200) OK
https://www.degruyter.com/view/j/ausal,Success,OK,Success: (200) OK
https://www.degruyter.com/view/j/auseb,Success,OK,Success: (200) OK
https://adhi.univie.ac.at,Success,OK,Success: (200) OK
https://www.degruyter.com/view/j/admin,Client error,Unauthorized,Client error: (401) Unauthorized
https://pagepressjournals.org/index.php/aiol/index,Success,OK,Success: (200) OK
https://www.degruyter.com/view/j/rehab,Client error,Not Found,Client error: (404) Not Found
https://www.degruyter.com/view/j/agri,Success,OK,Success: (200) OK
https://savana-cendana.id/index.php/ag,Success,OK,Success: (200) OK
https://www.degruyter.com/view/j/abcsj,Success,OK,Success: (200) OK
https://www.degruyter.com/view/j/aicue,Success,OK,Success: (200) OK
https://www.degruyter.com/view/j/amsil,Success,OK,Success: (200) OK
https://www.degruyter.com/view/j/aon,Success,OK,Success: (200) OK
https://www.degruyter.com/view/j/acss,Success,OK,Success: (200) OK
https://www.degruyter.com/view/j/arhss,Success,OK,Success: (200) OK
https://aiua.it/,Success,OK,Success: (200) OK
https://audiologyresearch.org,Success,OK,Success: (200) OK
https://www.degruyter.com/view/j/afit,Success,OK,Success: (200) OK
https://www.degruyter.com/view/j/bjlp,Success,OK,Success: (200) OK
https://www.degruyter.com/view/j/cttr,Success,OK,Success: (200) OK
https://www.degruyter.com/view/j/biolet,Success,OK,Success: (200) OK
https://www.degruyter.com/view/j/bgs,Success,OK,Success: (200) OK
https://www.degruyter.com/view/j/brj,Success,OK,Success: (200) OK
https://www.degruyter.com/view/j/bsaft,Success,OK,Success: (200) OK
https://www.degruyter.com/view/j/bvip,Success,OK,Success: (200) OK
https://www.degruyter.com/view/j/cejpp,Success,OK,Success: (200) OK
https://www.degruyter.com/view/j/cerce,Success,OK,Success: (200) OK
https://www.clinicsandpractice.org,Success,OK,Success: (200) OK
https://www.degruyter.com/view/j/cm,Success,OK,Success: (200) OK
https://www.degruyter.com/view/j/cons,Success,OK,Success: (200) OK
https://www.degruyter.com/view/j/contagri,Success,OK,Success: (200) OK
https://www.degruyter.com/view/j/ctg,Client error,Not Found,Client error: (404) Not Found
https://www.degruyter.com/view/j/cris,Client error,Not Found,Client error: (404) Not Found
https://www.degruyter.com/view/j/cirr,Success,OK,Success: (200) OK
https://www.degruyter.com/view/j/cjot,Success,OK,Success: (200) OK
https://www.emlc-journal.org/,Success,OK,Success: (200) OK
https://www.degruyter.com/view/j/ecce,Success,OK,Success: (200) OK
https://www.degruyter.com/view/j/rtuect,Success,OK,Success: (200) OK
https://www.degruyter.com/view/j/oszn,Success,OK,Success: (200) OK
https://www.degruyter.com/view/j/ebce,Success,OK,Success: (200) OK
https://www.degruyter.com/view/j/eas,Success,OK,Success: (200) OK
https://www.degruyter.com/view/j/eje,Success,OK,Success: (200) OK
https://www.ejh.it/,Success,OK,Success: (200) OK
https://pagepressjournals.org/index.php/bam,Success,OK,Success: (200) OK
https://www.degruyter.com/view/j/eras,Success,OK,Success: (200) OK
https://www.degruyter.com/view/j/exell,Success,OK,Success: (200) OK
https://journals.kent.ac.uk/index.php/feministsatlaw,Success,OK,Success: (200) OK
https://www.degruyter.com/view/j/folmed,Success,OK,Success: (200) OK
https://www.degruyter.com/view/j/fv,Success,OK,Success: (200) OK
https://www.degruyter.com/view/j/forma,Success,OK,Success: (200) OK
https://www.degruyter.com/view/j/fco,Success,OK,Success: (200) OK
https://www.degruyter.com/view/j/fcds,Success,OK,Success: (200) OK
https://www.degruyter.com/view/j/genst,Success,OK,Success: (200) OK
https://www.degruyter.com/view/j/geocart,Success,OK,Success: (200) OK
https://www.degruyter.com/view/j/geoca,Success,OK,Success: (200) OK
https://www.degruyter.com/view/j/logos,Success,OK,Success: (200) OK
https://www.degruyter.com/view/j/geosc,Success,OK,Success: (200) OK
https://www.degruyter.com/view/j/gse,Success,OK,Success: (200) OK
https://geospatialhealth.net/,Success,OK,Success: (200) OK
https://www.degruyter.com/view/j/gfkmir,Success,OK,Success: (200) OK
https://www.degruyter.com/view/j/hacq,Success,OK,Success: (200) OK
https://fst.onaft.edu.ua/,Success,OK,Success: (200) OK
https://www.pagepressjournals.org/index.php/hls,Success,OK,Success: (200) OK
https://www.degruyter.com/view/j/hepo,Success,OK,Success: (200) OK
https://www.degruyter.com/view/j/hjbpa,Success,OK,Success: (200) OK
https://www.degruyter.com/view/j/hkbrd,Success,OK,Success: (200) OK
https://www.degruyter.com/view/j/humo,Success,OK,Success: (200) OK
https://www.degruyter.com/view/j/itms,Success,OK,Success: (200) OK
https://www.degruyter.com/view/j/intox,Success,OK,Success: (200) OK
https://www.degruyter.com/view/j/ijek,Success,OK,Success: (200) OK
https://www.degruyter.com/view/j/ijme,Success,OK,Success: (200) OK
https://www.degruyter.com/view/j/ipcj,Success,OK,Success: (200) OK
https://www.degruyter.com/view/j/ijafr,Success,OK,Success: (200) OK
https://www.agronomy.it,Success,OK,Success: (200) OK
https://www.ijfs.it,Success,OK,Success: (200) OK
https://www.italjmed.org,Success,OK,Success: (200) OK
https://www.degruyter.com/view/j/jazcas,Success,OK,Success: (200) OK
https://www.agroengineering.org,Success,OK,Success: (200) OK
https://www.degruyter.com/view/j/jas,Success,OK,Success: (200) OK
https://jacs.usv.ro/,Success,OK,Success: (200) OK
https://www.degruyter.com/view/j/jaes,Success,OK,Success: (200) OK
https://www.degruyter.com/view/j/jce,Success,OK,Success: (200) OK
https://www.degruyter.com/view/j/jengeo,Success,OK,Success: (200) OK
https://www.degruyter.com/view/j/johr,Success,OK,Success: (200) OK
https://www.degruyter.com/view/j/johh,Success,OK,Success: (200) OK
https://www.degruyter.com/view/j/jim,Success,OK,Success: (200) OK
https://www.degruyter.com/view/j/jlecol,Success,OK,Success: (200) OK
https://www.jlimnol.it/index.php/jlimnol,Success,OK,Success: (200) OK
https://www.degruyter.com/view/j/jomb,Success,OK,Success: (200) OK
https://www.degruyter.com/view/j/mecdc,Client error,Not Found,Client error: (404) Not Found
https://www.degruyter.com/view/j/jos,Success,OK,Success: (200) OK
https://www.journalofosseointegration.eu,Success,OK,Success: (200) OK
https://www.publichealthinafrica.org,Success,OK,Success: (200) OK
https://www.jphres.org,Success,OK,Success: (200) OK
https://www.degruyter.com/view/j/jtam,Success,OK,Success: (200) OK
https://www.degruyter.com/view/j/jwld,Success,OK,Success: (200) OK
https://www.pagepressjournals.org/index.php/xeno,Success,OK,Success: (200) OK
https://www.degruyter.com/view/j/jobs,Success,OK,Success: (200) OK
https://www.degruyter.com/view/j/kom,Success,OK,Success: (200) OK
https://www.degruyter.com/view/j/lpts,Success,OK,Success: (200) OK
https://www.degruyter.com/view/j/forj,Success,OK,Success: (200) OK
https://www.degruyter.com/view/j/limre,Success,OK,Success: (200) OK
https://www.degruyter.com/view/j/linpo,Success,OK,Success: (200) OK
https://www.degruyter.com/view/j/lincu,Success,OK,Success: (200) OK
https://www.degruyter.com/view/j/lasr,Success,OK,Success: (200) OK
https://www.degruyter.com/view/j/logi,Success,OK,Success: (200) OK
https://www.degruyter.com/view/j/jlst,Success,OK,Success: (200) OK
https://www.degruyter.com/view/j/manment,Success,OK,Success: (200) OK
https://www.degruyter.com/view/j/rmzmag,Success,OK,Success: (200) OK
https://www.degruyter.com/view/j/msp,Success,OK,Success: (200) OK
https://www.degruyter.com/view/j/mmce,Success,OK,Success: (200) OK
https://www.degruyter.com/view/j/mms,Success,OK,Success: (200) OK
https://www.pagepressjournals.org/index.php/mm,Success,OK,Success: (200) OK
https://www.degruyter.com/view/j/mstap,Success,OK,Success: (200) OK
https://www.degruyter.com/view/j/nybj,Success,OK,Success: (200) OK
https://www.degruyter.com/view/j/ngoe,Success,OK,Success: (200) OK
https://www.degruyter.com/view/j/nispa,Success,OK,Success: (200) OK
https://www.degruyter.com/view/j/nor,Success,OK,Success: (200) OK
https://www.degruyter.com/view/j/nuka,Success,OK,Success: (200) OK
https://www.oncologyreviews.org,Success,OK,Success: (200) OK
https://www.degruyter.com/view/j/orga,Success,OK,Success: (200) OK
https://www.degruyter.com/view/j/mosr,Success,OK,Success: (200) OK
https://www.degruyter.com/view/j/orhu,Success,OK,Success: (200) OK
https://www.degruyter.com/view/j/pof,Success,OK,Success: (200) OK
https://www.degruyter.com/view/j/pcssr,Success,OK,Success: (200) OK
https://www.degruyter.com/view/j/pielxxiw,Success,OK,Success: (200) OK
https://www.degruyter.com/view/j/pbj,Success,OK,Success: (200) OK
https://www.degruyter.com/view/j/pcr,Success,OK,Success: (200) OK
https://www.degruyter.com/view/j/phr,Success,OK,Success: (200) OK
https://www.degruyter.com/view/j/pomr,Success,OK,Success: (200) OK
https://www.degruyter.com/view/j/ppb,Success,OK,Success: (200) OK
https://www.degruyter.com/view/j/pce,Success,OK,Success: (200) OK
https://www.degruyter.com/view/j/pophzn,Success,OK,Success: (200) OK
https://www.degruyter.com/view/j/pjes,Success,OK,Success: (200) OK
https://www.degruyter.com/view/j/pesd,Success,OK,Success: (200) OK
https://www.degruyter.com/view/j/picbe,Success,OK,Success: (200) OK
https://prometeica.com,Success,OK,Success: (200) OK
https://www.degruyter.com/view/j/pn,Success,OK,Success: (200) OK
https://www.degruyter.com/view/j/plc,Success,OK,Success: (200) OK
https://revista.ufrr.br/index.php/rct/index,Success,OK,Success: (200) OK
https://www.degruyter.com/view/j/afit,Success,OK,Success: (200) OK
https://www.reumatismo.org,Success,OK,Success: (200) OK
https://www.degruyter.com/view/j/rae,Success,OK,Success: (200) OK
https://www.degruyter.com/view/j/revecp,Success,OK,Success: (200) OK
https://revista.ufrr.br/index.php/adminrr/index,Success,OK,Success: (200) OK
https://revista.ufrr.br/index.php/rga,Success,OK,Success: (200) OK
https://www.degruyter.com/view/j/ring,Success,OK,Success: (200) OK
https://www.degruyter.com/view/j/rjdnmd,Success,OK,Success: (200) OK
https://www.degruyter.com/view/j/rjes,Success,OK,Success: (200) OK
https://www.degruyter.com/view/j/rjim,Success,OK,Success: (200) OK
https://www.degruyter.com/view/j/rjti,Success,OK,Success: (200) OK
https://www.degruyter.com/view/j/romneu,Client error,Not Found,Client error: (404) Not Found
https://www.degruyter.com/view/j/plua,Success,OK,Success: (200) OK
https://www.degruyter.com/view/j/sab,Success,OK,Success: (200) OK
https://www.degruyter.com/view/j/saeb,Success,OK,Success: (200) OK
https://www.degruyter.com/view/j/sjdv,Success,OK,Success: (200) OK
https://www.degruyter.com/view/j/sjecr,Success,OK,Success: (200) OK
https://www.degruyter.com/view/j/sjps,Success,OK,Success: (200) OK
https://www.degruyter.com/view/j/sjph,Success,OK,Success: (200) OK
https://www.degruyter.com/view/j/sc,Success,OK,Success: (200) OK
https://www.degruyter.com/view/j/jeb,Success,OK,Success: (200) OK
https://www.degruyter.com/view/j/sh,Success,OK,Success: (200) OK
https://www.degruyter.com/view/j/slgr,Success,OK,Success: (200) OK
https://www.degruyter.com/view/j/sjs,Success,OK,Success: (200) OK
https://www.pagepressjournals.org/index.php/thal/index,Success,OK,Success: (200) OK
https://content.sciendo.com/view/journals/ebtj/ebtj-overview.xml,Success,OK,Success: (200) OK
https://www.degruyter.com/view/j/topling,Success,OK,Success: (200) OK
https://www.degruyter.com/view/j/tvsb,Success,OK,Success: (200) OK
https://www.degruyter.com/view/j/ttj,Success,OK,Success: (200) OK
https://www.degruyter.com/view/j/tra,Success,OK,Success: (200) OK
https://www.degruyter.com/view/j/trser,Success,OK,Success: (200) OK
https://www.pagepressjournals.org/index.php/vl/index,Success,OK,Success: (200) OK
https://www.degruyter.com/view/j/vzoo,Success,OK,Success: (200) OK
https://www.pagepressjournals.org/index.php/wine/,Success,OK,Success: (200) OK
https://www.degruyter.com/view/j/jbe,Success,OK,Success: (200) OK
https://www.degruyter.com/view/j/zireb,Success,OK,Success: (200) OK
https://www.degruyter.com/view/j/zoop,Success,OK,Success: (200) OK
